id,wrong,correct
1,apenines,apennines
2,appenines,apennines
3,athenean,athenian
4,atheneans,athenians
5,bernouilli,bernoulli
6,blitzkreig,blitzkrieg
7,brasillian,brazilian
8,britian,britain
9,brittish,british
10,ceasar,caesar
11,cambrige,cambridge
12,carcas,caracas
13,carribean,caribbean
14,carthagian,carthaginian
15,cataline,catalina
16,cataline,catiline
17,celcius,celsius
18,champange,champagne
19,conneticut,connecticut
20,cyprian,cypriot
21,eles,ellis
22,enlish,english
23,europian,european
24,eurpean,european
25,eurpoean,european
26,europians,europeans
27,febuary,february
28,flemmish,flemish
29,fransiscan,franciscan
30,fransiscans,franciscans
31,gae,gael
32,galations,galatians
33,ghandi,gandhi
34,gogin,gauguin
35,guatamala,guatemala
36,guatamalan,guatemalan
37,guiness,guinness
38,israelies,israelis
39,ihaca,ithaca
40,jaques,jacques
41,japanes,japanese
42,jospeh,joseph
43,juadaism,judaism
44,juadism,judaism
45,lybia,libya
46,malcom,malcolm
47,maltesian,maltese
48,liason,mara_liasson
49,massachussets,massachusetts
50,massachussetts,massachusetts
51,mediteranean,mediterranean
52,michagan,michigan
53,meranda,miranda
54,missisipi,mississippi
55,missisippi,mississippi
56,misouri,missouri
57,mohammedan,muslim
58,muhammadan,muslim
59,mohammedans,muslims
60,nazereth,nazareth
61,newyorker,new_yorker
62,foundland,newfoundland
63,nuremburg,nuremberg
64,orginal,orignal
65,palistian,palestinian
66,palistinian,palestinian
67,phillipine,philippine
68,philipines,philippines
69,phillipines,philippines
70,phillippines,philippines
71,portugese,portuguese
72,pucini,puccini
73,rockerfeller,rockefeller
74,russion,russian
75,russina,russian
76,saterday,saturday
77,saterdays,saturdays
78,sixtin,sistine
79,spainish,spanish
80,tiem,tim
81,ukranian,ukrainian
82,valetta,valletta
83,wendsay,wednesday
84,wensday,wednesday
85,sionist,zionist
86,sionists,zionists
87,alot,a_lot
88,abondon,abandon
89,abondoned,abandoned
90,abondoning,abandoning
91,abondons,abandons
92,aberation,aberration
93,baout,about
94,boaut,about
95,absense,absence
96,asorbed,absorbed
97,absorbsion,absorption
98,absorbtion,absorption
99,abutts,abuts
100,acceptible,acceptable
101,accessable,accessible
102,accension,accession
103,accidently,accidentally
104,acclimitization,acclimatization
105,accomadate,accommodate
106,accomodate,accommodate
107,accomadated,accommodated
108,accomodated,accommodated
109,accomadates,accommodates
110,accomodates,accommodates
111,accomadating,accommodating
112,accomodating,accommodating
113,accomadation,accommodation
114,accomodation,accommodation
115,accomodations,accommodations
116,accompanyed,accompanied
117,acomplish,accomplish
118,acomplished,accomplished
119,acomplishment,accomplishment
120,acomplishments,accomplishments
121,acording,according
122,acuracy,accuracy
123,accussed,accused
124,acustom,accustom
125,acustommed,accustomed
126,acheive,achieve
127,achive,achieve
128,acheived,achieved
129,achived,achieved
130,acheivement,achievement
131,acheivment,achievement
132,achievment,achievement
133,acheivements,achievements
134,acheivments,achievements
135,achievments,achievements
136,acheives,achieves
137,acheiving,achieving
138,acquaintence,acquaintance
139,acquiantence,acquaintance
140,aquaintance,acquaintance
141,aquiantance,acquaintance
142,acquaintences,acquaintances
143,acquiantences,acquaintances
144,aquainted,acquainted
145,adquire,acquire
146,aquire,acquire
147,adquired,acquired
148,aquired,acquired
149,adquires,acquires
150,adquiring,acquiring
151,aquiring,acquiring
152,aquisition,acquisition
153,acquited,acquitted
154,aquitted,acquitted
155,accross,across
156,actualy,actually
157,adaption,adaptation
158,adaptions,adaptations
159,addres,adders
160,additinally,additionally
161,addres,address
162,adres,address
163,adress,address
164,addresable,addressable
165,adresable,addressable
166,adressable,addressable
167,addresing,addressing
168,adresing,addressing
169,adressing,addressing
170,adecuate,adequate
171,adhearing,adhering
172,adminstrate,administrate
173,adminstration,administration
174,adminstrative,administrative
175,admissability,admissibility
176,admissable,admissible
177,addmission,admission
178,adolecent,adolescent
179,addopt,adopt
180,addopted,adopted
181,addoptive,adoptive
182,advertisment,advertisement
183,advertisments,advertisements
184,adviced,advice
185,adviced,advised
186,aeriel,aerial
187,aeriels,aerials
188,affort,afford
189,efford,afford
190,effords,affords
191,afficionado,aficionado
192,afficionados,aficionados
193,agian,again
194,agina,again
195,agravate,aggravate
196,agregate,aggregate
197,agregates,aggregates
198,agression,aggression
199,agressive,aggressive
200,agressively,aggressively
201,agrieved,aggrieved
202,agre,agree
203,agred,agreed
204,agreing,agreeing
205,aggreement,agreement
206,agriculturalist,agriculturist
207,airbourne,airborne
208,airporta,airports
209,alchohol,alcohol
210,alcoholical,alcoholic
211,algebraical,algebraic
212,algoritm,algorithm
213,algoritms,algorithms
214,alege,allege
215,alledge,allege
216,aleged,alleged
217,alledged,alleged
218,alledges,alleges
219,alegience,allegiance
220,allegience,allegiance
221,alliviate,alleviate
222,allopone,allophone
223,allopones,allophones
224,alot,allot
225,alotted,allotted
226,alusion,allusion
227,almsot,almost
228,alomst,almost
229,alreayd,already
230,alsot,also
231,aslo,also
232,altho,although
233,althought,although
234,altough,although
235,alwasy,always
236,alwyas,always
237,amature,amateur
238,ammend,amend
239,admendment,amendment
240,amendmant,amendment
241,ammendment,amendment
242,amoung,among
243,anual,anal
244,analagous,analogous
245,analogeous,analogous
246,analitic,analytic
247,anbd,and
248,androgenous,androgynous
249,androgeny,androgyny
250,agina,angina
251,anihilation,annihilation
252,anounced,announced
253,anual,annual
254,annuled,annulled
255,annoint,anoint
256,annointed,anointed
257,annointing,anointing
258,annoints,anoints
259,anomolies,anomalies
260,anomolous,anomalous
261,anomoly,anomaly
262,anonimity,anonymity
263,anytying,anything
264,anyhwere,anywhere
265,appart,apart
266,appartment,apartment
267,appartments,apartments
268,apolegetics,apologetics
269,appologies,apologies
270,appology,apology
271,appealling,appalling
272,aparent,apparent
273,apparant,apparent
274,appealling,appealing
275,appearence,appearance
276,appearences,appearances
277,aplication,application
278,apprieciate,appreciate
279,approachs,approaches
280,appropiate,appropriate
281,approximitely,approximately
282,aproximately,approximately
283,apon,apron
284,arbitarily,arbitrarily
285,arbitary,arbitrary
286,archeaologist,archaeologist
287,archeaologists,archaeologists
288,archaoelogy,archaeology
289,archaology,archaeology
290,archeaologist,archeologist
291,archeaologists,archeologists
292,archaoelogy,archeology
293,archaology,archeology
294,archtype,archetype
295,archtypes,archetypes
296,archetect,architect
297,archetects,architects
298,archetectural,architectural
299,archetecturally,architecturally
300,archetecture,architecture
301,achive,archive
302,achived,archived
303,amature,armature
304,arangement,arrangement
305,erested,arrested
306,artical,article
307,articel,article
308,artifical,artificial
309,artifically,artificially
310,artillary,artillery
311,accension,ascension
312,asetic,ascetic
313,spects,aspects
314,assasin,assassin
315,assasinate,assassinate
316,assasinated,assassinated
317,assasinates,assassinates
318,assasination,assassination
319,assasinations,assassinations
320,assasins,assassins
321,assemple,assemble
322,assitant,assistant
323,asociated,associated
324,asteriod,asteroid
325,assymetric,asymmetric
326,atheistical,atheistic
327,attaindre,attainder
328,attaindre,attained
329,attemt,attempt
330,attemted,attempted
331,attemting,attempting
332,attemts,attempts
333,attendence,attendance
334,attendent,attendant
335,attendents,attendants
336,attitide,attitude
337,atribute,attribute
338,atributes,attributes
339,audeince,audience
340,autor,author
341,authobiographic,autobiographic
342,authobiography,autobiography
343,auxilliary,auxiliary
344,avalable,available
345,avaliable,available
346,averageed,averaged
347,avation,aviation
348,awya,away
349,ackward,awkward
350,bakc,back
351,bcak,back
352,ackward,backward
353,bandwith,bandwidth
354,bankrupcy,bankruptcy
355,barbeque,barbecue
356,basicaly,basically
357,basicly,basically
358,beatiful,beautiful
359,beautyfull,beautiful
360,becamae,became
361,beacuse,because
362,becasue,because
363,becouse,because
364,becuase,because
365,becomming,becoming
366,befoer,before
367,beggin,begging
368,beggin,begin
369,begginer,beginner
370,begginers,beginners
371,beggining,beginning
372,begining,beginning
373,beginnig,beginning
374,begginings,beginnings
375,behavour,behavior
376,behavour,behaviour
377,beleif,belief
378,belives,beliefs
379,beleive,believe
380,beleived,believed
381,beleives,believes
382,belives,believes
383,beleiving,believing
384,benificial,beneficial
385,beneficary,beneficiary
386,benifit,benefit
387,benifits,benefits
388,beseige,besiege
389,beseiged,besieged
390,beseiging,besieging
391,beastiality,bestiality
392,vetween,between
393,bilateraly,bilaterally
394,binominal,binomial
395,blaim,blame
396,blaimed,blamed
397,blessure,blessing
398,boaut,boat
399,bondary,boundary
400,boundry,boundary
401,baout,bout
402,boaut,bout
403,breakthough,breakthrough
404,briliant,brilliant
405,broady,broadly
406,buffalos,buffaloes
407,buffaloes,buffalos
408,beaurocracy,bureaucracy
409,buring,burin
410,buring,burning
411,buring,burying
412,buisness,business
413,busineses,business
414,busness,business
415,busineses,businesses
416,casion,caisson
417,caluclate,calculate
418,caluculate,calculate
419,calulate,calculate
420,caluclated,calculated
421,caluculated,calculated
422,calulated,calculated
423,calender,calendar
424,caligraphy,calligraphy
425,campain,campaign
426,campains,campaigns
427,cant,can't
428,candadate,candidate
429,cannister,canister
430,cannisters,canisters
431,cannonical,canonical
432,cant,cant
433,caperbility,capability
434,carcas,carcass
435,careing,caring
436,carniverous,carnivorous
437,cartilege,cartilage
438,cartilidge,cartilage
439,carthographer,cartographer
440,cartrige,cartridge
441,casette,cassette
442,cassawory,cassowary
443,cassowarry,cassowary
444,casulaties,casualties
445,causalities,casualties
446,casulaty,casualty
447,catagories,categories
448,catagory,category
449,catterpilar,caterpillar
450,catterpilars,caterpillars
451,cathlic,catholic
452,cemetaries,cemeteries
453,cemetarey,cemetery
454,cemetary,cemetery
455,censur,censor
456,censur,censure
457,sensure,censure
458,cencus,census
459,centruies,centuries
460,centruy,century
461,cerimonial,ceremonial
462,cerimonies,ceremonies
463,cerimonious,ceremonious
464,cerimony,ceremony
465,ceratin,certain
466,certainity,certainty
467,cervial,cervical
468,chariman,chairman
469,carachter,character
470,charachter,character
471,charistics,characteristics
472,charaterized,characterized
473,charachters,characters
474,carismatic,charismatic
475,chasr,chase
476,chasr,chaser
477,sheat,cheat
478,chemcial,chemical
479,chemcially,chemically
480,chemicaly,chemically
481,chemestry,chemistry
482,cheif,chief
483,childbird,childbirth
484,childrens,children's
485,choosen,chosen
486,curch,church
487,ciricuit,circuit
488,civillian,civilian
489,claimes,claims
490,claer,clear
491,clera,clear
492,cleareance,clearance
493,claerer,clearer
494,claerly,clearly
495,clincial,clinical
496,clinicaly,clinically
497,coudl,cloud
498,caost,coast
499,colateral,collateral
500,collegue,colleague
501,collegues,colleagues
502,collectable,collectible
503,collonies,colonies
504,collonade,colonnade
505,collony,colony
506,colouration,coloration
507,collosal,colossal
508,coloration,colouration
509,comback,comeback
510,comming,coming
511,comander,commandeer
512,comander,commander
513,comando,commando
514,comandos,commandos
515,commandoes,commandos
516,commmemorated,commemorated
517,commemerative,commemorative
518,commericial,commercial
519,commericially,commercially
520,comision,commission
521,comission,commission
522,commision,commission
523,comisioned,commissioned
524,comissioned,commissioned
525,commisioned,commissioned
526,comisioner,commissioner
527,comissioner,commissioner
528,commisioner,commissioner
529,comisioning,commissioning
530,comissioning,commissioning
531,commisioning,commissioning
532,comisions,commissions
533,comissions,commissions
534,commisions,commissions
535,comited,committed
536,comitted,committed
537,commited,committed
538,comittee,committee
539,commitee,committee
540,committe,committee
541,comiting,committing
542,comitting,committing
543,commiting,committing
544,commongly,commonly
545,communciation,communication
546,comparitive,comparative
547,comparision,comparison
548,compatiblity,compatibility
549,competance,competence
550,competant,competent
551,compitent,competent
552,competion,competition
553,competive,competitive
554,complier,compiler
555,competion,completion
556,comphrehensive,comprehensive
557,comprimise,compromise
558,consentrate,concentrate
559,consentrated,concentrated
560,consentrates,concentrates
561,consept,concept
562,consern,concern
563,conserned,concerned
564,conserning,concerning
565,condemmed,condemned
566,condidtion,condition
567,condidtions,conditions
568,confidental,confidential
569,confidentally,confidentially
570,coform,conform
571,congresional,congressional
572,conjecutre,conjecture
573,conived,connived
574,cannotation,connotation
575,cannotations,connotations
576,conquerer,conqueror
577,conquerers,conquerors
578,concious,conscious
579,conciously,consciously
580,conciousness,consciousness
581,concensus,consensus
582,conscent,consent
583,conservitive,conservative
584,concider,consider
585,consdider,consider
586,concidered,considered
587,consdidered,considered
588,considerd,considered
589,conciders,considers
590,consolodate,consolidate
591,consolodated,consolidated
592,consonent,consonant
593,consonents,consonants
594,consorcium,consortium
595,constatn,constant
596,constanly,constantly
597,consituencies,constituencies
598,consituency,constituency
599,constituant,constituent
600,constituants,constituents
601,consitution,constitution
602,constituion,constitution
603,costitution,constitution
604,consitutional,constitutional
605,constituional,constitutional
606,constaints,constraints
607,constuction,construction
608,consumate,consummate
609,consumated,consummated
610,containes,contains
611,countains,contains
612,contaiminate,contaminate
613,contemporaneus,contemporaneous
614,contamporaries,contemporaries
615,contamporary,contemporary
616,contemporaneus,contemporary
617,continueing,continuing
618,continous,continuous
619,continously,continuously
620,contributer,contributor
621,contributers,contributors
622,controll,control
623,controled,controlled
624,controling,controlling
625,controlls,controls
626,contravercial,controversial
627,controvercial,controversial
628,controveries,controversies
629,contraversy,controversy
630,controvercy,controversy
631,controvery,controversy
632,conveinent,convenient
633,convienient,convenient
634,convential,conventional
635,convertion,conversion
636,coverted,converted
637,convertor,converter
638,convertors,converters
639,conveyer,conveyor
640,coorperation,cooperation
641,coordiantion,coordination
642,cpoy,copy
643,copywrite,copyright
644,corparate,corporate
645,coorperation,corporation
646,corrispond,correspond
647,corrisponded,corresponded
648,correspondant,correspondent
649,corrispondant,correspondent
650,correspondants,correspondents
651,corrispondants,correspondents
652,correponding,corresponding
653,correposding,corresponding
654,corrisponding,corresponding
655,corrisponds,corresponds
656,corosion,corrosion
657,coudl,could
658,sould,could
659,councellor,councillor
660,councellors,councillors
661,councellor,counsellor
662,councellors,counsellors
663,councellor,counselor
664,councellors,counselors
665,ocuntries,countries
666,ocuntry,country
667,coururier,courier
668,coururier,couturier
669,convenant,covenant
670,coverted,covered
671,coverted,coveted
672,cpoy,coy
673,creaeted,created
674,critereon,criterion
675,critisize,criticise
676,critisized,criticised
677,critisizes,criticises
678,critising,criticising
679,critisizing,criticising
680,critisism,criticism
681,critisisms,criticisms
682,critisize,criticize
683,critisized,criticized
684,critisizes,criticizes
685,critising,criticizing
686,critisizing,criticizing
687,criticists,critics
688,crucifiction,crucifixion
689,crusies,cruises
690,culiminating,culminating
691,cumulatative,cumulative
692,currenly,currently
693,cxan,cyan
694,dael,dahl
695,doub,daub
696,de_rigeur,de_rigueur
697,dael,deal
698,debateable,debatable
699,decieved,deceived
700,decideable,decidable
701,deside,decide
702,decidely,decidedly
703,ecidious,deciduous
704,decypher,decipher
705,decyphered,deciphered
706,descision,decision
707,descisions,decisions
708,decomposit,decompose
709,decomposited,decomposed
710,decomposits,decomposes
711,decompositing,decomposing
712,definance,defiance
713,deffine,define
714,deffined,defined
715,definate,definite
716,definit,definite
717,definately,definitely
718,definatly,definitely
719,definetly,definitely
720,definitly,definitely
721,dieties,deities
722,diety,deity
723,damenor,demeanor
724,demenor,demeanor
725,damenor,demeanour
726,demenor,demeanour
727,demographical,demographic
728,denegrating,denigrating
729,dependance,dependence
730,dependancy,dependency
731,dependant,dependent
732,deriviated,derived
733,dirived,derived
734,derogitory,derogatory
735,decendant,descendant
736,descendent,descendant
737,decendants,descendants
738,decendents,descendants
739,descendents,descendants
740,decribe,describe
741,discribe,describe
742,decribed,described
743,discribed,described
744,decribes,describes
745,discribes,describes
746,decribing,describing
747,discribing,describing
748,dessicated,desiccated
749,desgined,designed
750,dessigned,designed
751,desireable,desirable
752,dispair,despair
753,desparate,desperate
754,despiration,desperation
755,dispicable,despicable
756,dispite,despite
757,stroy,destroy
758,distructive,destructive
759,detatched,detached
760,detailled,detailed
761,determinining,determining
762,detremental,detrimental
763,develope,develop
764,developped,developed
765,devolopement,development
766,divice,device
767,dael,dial
768,didnt,didn't
769,diea,die
770,diferent,different
771,diferrent,different
772,diffrent,different
773,dificulties,difficulties
774,dificulty,difficulty
775,dimention,dimension
776,dimenions,dimensions
777,dimentions,dimensions
778,diphtong,diphthong
779,dipthong,diphthong
780,diphtongs,diphthongs
781,dipthongs,diphthongs
782,driectly,directly
783,dissagreement,disagreement
784,dissapear,disappear
785,dissappear,disappear
786,dissapeared,disappeared
787,dissapearing,disappearing
788,dissapears,disappears
789,dissappears,disappears
790,disaproval,disapproval
791,diaster,disaster
792,disasterous,disastrous
793,discontentment,discontent
794,dicover,discover
795,dicovered,discovered
796,dicovering,discovering
797,dicovers,discovers
798,dicovery,discovery
799,descuss,discuss
800,desintegrated,disintegrated
801,desintegration,disintegration
802,disobediance,disobedience
803,dissobediance,disobedience
804,dissobedience,disobedience
805,disobediant,disobedient
806,dissobediant,disobedient
807,dissobedient,disobedient
808,disparingly,disparagingly
809,desparate,disparate
810,dispence,dispense
811,dispenced,dispensed
812,dispencing,dispensing
813,disatisfaction,dissatisfaction
814,disatisfied,dissatisfied
815,disemination,dissemination
816,disolved,dissolved
817,distingish,distinguish
818,distingished,distinguished
819,distingishes,distinguishes
820,distingishing,distinguishing
821,diversed,diverged
822,diversed,diverse
823,devide,divide
824,devided,divided
825,divison,division
826,divisons,divisions
827,doccument,document
828,doccumented,documented
829,doccuments,documents
830,doens,does
831,doesnt,doesn't
832,doign,doing
833,donig,doing
834,dominent,dominant
835,dominiant,dominant
836,doub,doubt
837,deram,dram
838,dramtic,dramatic
839,deram,dream
840,dreasm,dreams
841,adressing,dressing
842,drnik,drink
843,druming,drumming
844,dukeship,dukedom
845,buring,during
846,durring,during
847,dieing,dyeing
848,dieing,dying
849,earnt,earned
850,electic,eclectic
851,eclispe,eclipse
852,effecient,efficient
853,efficent,efficient
854,effeciently,efficiently
855,efficently,efficiently
856,effulence,effluence
857,affort,effort
858,efford,effort
859,effords,efforts
860,eigth,eighth
861,electon,election
862,electic,electric
863,electrial,electrical
864,electricly,electrically
865,electricty,electricity
866,electon,electron
867,elimentary,elementary
868,elphant,elephant
869,elicided,elicited
870,eligable,eligible
871,eleminated,eliminated
872,eleminating,eliminating
873,esle,else
874,eminate,emanate
875,embarass,embarrass
876,embarras,embarrass
877,embarassed,embarrassed
878,embarrased,embarrassed
879,embarassing,embarrassing
880,embarrasing,embarrassing
881,embarassment,embarrassment
882,embarrasment,embarrassment
883,embezelled,embezzled
884,imigrant,emigrant
885,emmigrated,emigrated
886,imigrated,emigrated
887,imigration,emigration
888,emminent,eminent
889,imanent,eminent
890,iminent,eminent
891,emminently,eminently
892,emmisaries,emissaries
893,emmisarries,emissaries
894,emmisarry,emissary
895,emmisary,emissary
896,emision,emission
897,emition,emission
898,emmision,emission
899,emited,emitted
900,emmited,emitted
901,emmitted,emitted
902,emiting,emitting
903,emmiting,emitting
904,emmitting,emitting
905,emition,emotion
906,emphysyma,emphysema
907,emperical,empirical
908,empirial,empirical
909,enamoured,enamored
910,enamored,enamoured
911,encryptiion,encryption
912,engeneer,engineer
913,engieneer,engineer
914,engeneering,engineering
915,engieneers,engineers
916,enlargment,enlargement
917,enlargments,enlargements
918,enlish,enlist
919,emnity,enmity
920,enourmous,enormous
921,enourmously,enormously
922,intertaining,entertaining
923,entrepeneur,entrepreneur
924,entrepeneurs,entrepreneurs
925,inumerable,enumerable
926,enviorment,environment
927,enviornment,environment
928,enviroment,environment
929,enviormental,environmental
930,enviornmental,environmental
931,enviromental,environmental
932,enviornmentalist,environmentalist
933,enviromentalist,environmentalist
934,enviormentally,environmentally
935,enviornmentally,environmentally
936,enviromentally,environmentally
937,enviorments,environments
938,enviornments,environments
939,enviroments,environments
940,equitorial,equatorial
941,equilibium,equilibrium
942,equilibrum,equilibrium
943,equippment,equipment
944,equiped,equipped
945,erested,erected
946,eratic,erratic
947,eraticly,erratically
948,essense,essence
949,esential,essential
950,essencial,essential
951,essentual,essential
952,essesital,essential
953,ethose,ethos
954,eveyr,every
955,evidentally,evidently
956,efel,evil
957,exerbate,exacerbate
958,exerbated,exacerbated
959,exagerate,exaggerate
960,exagerrate,exaggerate
961,exagerated,exaggerated
962,exagerrated,exaggerated
963,exagerates,exaggerates
964,exagerrates,exaggerates
965,exagerating,exaggerating
966,exagerrating,exaggerating
967,exhalted,exalted
968,exemple,example
969,exmaple,example
970,excedded,exceeded
971,excell,excel
972,exelent,excellent
973,excells,excels
974,exerpt,excerpt
975,exerpts,excerpts
976,excecute,execute
977,excecuted,executed
978,excecutes,executes
979,excecuting,executing
980,excecution,execution
981,exampt,exempt
982,extered,exerted
983,exibition,exhibition
984,exibitions,exhibitions
985,existance,existence
986,existant,existent
987,exoskelaton,exoskeleton
988,spects,expects
989,expell,expel
990,expells,expels
991,expalin,explain
992,exploititive,exploitative
993,extint,extant
994,exerternal,external
995,extint,extinct
996,extrordinarily,extraordinarily
997,extrordinary,extraordinary
998,extraterrestial,extraterrestrial
999,extravagent,extravagant
1000,eyars,eyas
1001,faciliate,facilitate
1002,faciliated,facilitated
1003,famoust,famous
1004,fanatism,fanaticism
1005,facinated,fascinated
1006,feasable,feasible
1007,fiel,feel
1008,fiels,feels
1009,ficticious,fictitious
1010,fictious,fictitious
1011,fiel,field
1012,fiels,fields
1013,filiament,filament
1014,fiel,file
1015,fiels,files
1016,fianlly,finally
1017,finaly,finally
1018,financialy,financially
1019,fidn,find
1020,firts,first
1021,fleed,fled
1022,firts,flirts
1023,fluorish,flourish
1024,florescent,fluorescent
1025,forbad,forbade
1026,forhead,forehead
1027,foriegn,foreign
1028,formost,foremost
1029,forunner,forerunner
1030,forfiet,forfeit
1031,fomr,form
1032,formallize,formalize
1033,formallized,formalized
1034,fourty,forty
1035,faught,fought
1036,fougth,fought
1037,foudn,found
1038,foundaries,foundries
1039,foundary,foundry
1040,fleed,freed
1041,freind,friend
1042,firends,friends
1043,fomr,from
1044,fundametal,fundamental
1045,fundametals,fundamentals
1046,funguses,fungi
1047,furuther,further
1048,gae,gale
1049,gae,game
1050,gasses,gases
1051,geneologies,genealogies
1052,geneology,genealogy
1053,generaly,generally
1054,genialia,genitalia
1055,godess,goddess
1056,godesses,goddesses
1057,gogin,going
1058,goign,going
1059,gonig,going
1060,oging,going
1061,gaurd,gourd
1062,goverment,government
1063,govorment,government
1064,govermental,governmental
1065,govormental,governmental
1066,gouvener,governor
1067,governer,governor
1068,grafitti,graffiti
1069,grammer,grammar
1070,gramatically,grammatically
1071,grammaticaly,grammatically
1072,greatful,grateful
1073,greatfully,gratefully
1074,gratuitious,gratuitous
1075,gerat,great
1076,graet,great
1077,grat,great
1078,greif,grief
1079,groupsex,group_sex
1080,grwo,grow
1081,gunanine,guanine
1082,guarentee,guarantee
1083,garanteed,guaranteed
1084,guarenteed,guaranteed
1085,guranteed,guaranteed
1086,guarentees,guarantees
1087,gaurd,guard
1088,guerrila,guerilla
1089,guerrilas,guerillas
1090,guerrila,guerrilla
1091,guerrilas,guerrillas
1092,guidence,guidance
1093,guttaral,guttural
1094,gutteral,guttural
1095,habaeus,habeas
1096,habeus,habeas
1097,ahppen,happen
1098,hapen,happen
1099,hapened,happened
1100,happended,happened
1101,hapening,happening
1102,harras,harass
1103,harrassing,harass
1104,harased,harassed
1105,harrased,harassed
1106,harases,harasses
1107,harrases,harasses
1108,harrasing,harassing
1109,harasment,harassment
1110,harrasment,harassment
1111,hace,hare
1112,ahev,have
1113,ahve,have
1114,haev,have
1115,hvae,have
1116,hvea,have
1117,hvaing,having
1118,haev,heave
1119,hvea,heave
1120,inheritage,heritage
1121,heros,heroes
1122,heterogenous,heterogeneous
1123,wholy,holy
1124,hydropilic,hydrophilic
1125,hydropobic,hydrophobic
1126,hygeine,hygiene
1127,hypocracy,hypocrisy
1128,hypocrasy,hypocrisy
1129,hypocricy,hypocrisy
1130,hypocrit,hypocrite
1131,hypocrits,hypocrites
1132,iconclastic,iconoclastic
1133,diea,idea
1134,idae,idea
1135,idaes,ideas
1136,idesa,ideas
1137,identicial,identical
1138,idealogies,ideologies
1139,idealogy,ideology
1140,idesa,ides
1141,ideosyncratic,idiosyncratic
1142,illegimacy,illegitimacy
1143,illegitmate,illegitimate
1144,ilogical,illogical
1145,alusion,illusion
1146,illution,illusion
1147,imaginery,imagery
1148,imagenary,imaginary
1149,imaginery,imaginary
1150,imagin,imagine
1151,inbalance,imbalance
1152,immitate,imitate
1153,immitated,imitated
1154,immitating,imitating
1155,immitator,imitator
1156,iminent,immanent
1157,emmediately,immediately
1158,imediately,immediately
1159,immediatley,immediately
1160,immidately,immediately
1161,immidiately,immediately
1162,imense,immense
1163,imigrant,immigrant
1164,inmigrant,immigrant
1165,inmigrants,immigrants
1166,imigrated,immigrated
1167,imigration,immigration
1168,emminent,imminent
1169,imanent,imminent
1170,iminent,imminent
1171,inpeach,impeach
1172,impedence,impedance
1173,empirial,imperial
1174,inpolite,impolite
1175,inprisonment,imprisonment
1176,improvision,improvisation
1177,inspite,in_spite
1178,inaccessable,inaccessible
1179,inappropiate,inappropriate
1180,incompatiblity,incompatibility
1181,incompetance,incompetence
1182,incompetant,incompetent
1183,incorperation,incorporation
1184,incorruptable,incorruptible
1185,increadible,incredible
1186,incredable,incredible
1187,incunabla,incunabula
1188,indefinately,indefinitely
1189,indefinitly,indefinitely
1190,independance,independence
1191,independece,independence
1192,independant,independent
1193,indipendent,independent
1194,indpendent,independent
1195,indepedantly,independently
1196,independantly,independently
1197,indipendently,independently
1198,indpendently,independently
1199,indite,indict
1200,indispensible,indispensable
1201,indisputible,indisputable
1202,indisputibly,indisputably
1203,indulgue,indulge
1204,indutrial,industrial
1205,inevatible,inevitable
1206,inevitible,inevitable
1207,infectuous,infectious
1208,infilitrate,infiltrate
1209,infilitrated,infiltrated
1210,infinit,infinite
1211,inflamation,inflammation
1212,influented,influenced
1213,influencial,influential
1214,infomation,information
1215,ingreediants,ingredients
1216,habitant,inhabitant
1217,habitants,inhabitants
1218,inheritage,inheritance
1219,initation,initiation
1220,inocence,innocence
1221,inumerable,innumerable
1222,ecidious,insidious
1223,insistance,insistence
1224,instatance,instance
1225,instade,instead
1226,insitution,institution
1227,insitutions,institutions
1228,intergrated,integrated
1229,intergration,integration
1230,intelectual,intellectual
1231,inteligence,intelligence
1232,inteligent,intelligent
1233,interbread,interbred
1234,interbread,interbreed
1235,interchangably,interchangeably
1236,intrest,interest
1237,internation,international
1238,interpet,interpret
1239,interrugum,interregnum
1240,interelated,interrelated
1241,interupt,interrupt
1242,inot,into
1243,inctroduce,introduce
1244,inctroduced,introduced
1245,intutive,intuitive
1246,intutively,intuitively
1247,inventer,inventor
1248,invertibrates,invertebrates
1249,involvment,involvement
1250,ironicly,ironically
1251,irelevent,irrelevant
1252,iresistable,irresistible
1253,iresistible,irresistible
1254,irresistable,irresistible
1255,iresistably,irresistibly
1256,iresistibly,irresistibly
1257,irresistably,irresistibly
1258,iritable,irritable
1259,iritated,irritated
1260,isnt,isn't
1261,jeapardy,jeopardy
1262,journies,journeys
1263,judical,judicial
1264,judisuary,judiciary
1265,jstu,just
1266,jsut,just
1267,ceratin,keratin
1268,kindergarden,kindergarten
1269,knwo,know
1270,konw,know
1271,kwno,know
1272,nkow,know
1273,nkwo,know
1274,knowlege,knowledge
1275,knowledgable,knowledgeable
1276,knowlegeable,knowledgeable
1277,knwos,knows
1278,konws,knows
1279,labratory,laboratory
1280,layed,laid
1281,laguage,language
1282,laguages,languages
1283,lavae,larvae
1284,lsat,last
1285,labatory,lavatory
1286,lief,leaf
1287,leanr,lean
1288,leanr,leaner
1289,leanr,learn
1290,leran,learn
1291,lerans,learns
1292,leaded,led
1293,legitamate,legitimate
1294,liesure,leisure
1295,lenght,length
1296,levle,level
1297,levetate,levitate
1298,levetated,levitated
1299,levetates,levitates
1300,levetating,levitating
1301,lible,liable
1302,liason,liaison
1303,libell,libel
1304,lible,libel
1305,libary,library
1306,lisence,licence
1307,lisense,licence
1308,lisence,license
1309,lisense,license
1310,licenced,licensed
1311,licencing,licensing
1312,leutenant,lieutenant
1313,lief,life
1314,lightyear,light_year
1315,lightyears,light_year
1316,liek,like
1317,liuke,like
1318,liekd,liked
1319,likelyhood,likelihood
1320,libguistic,linguistic
1321,libguistics,linguistics
1322,liquify,liquefy
1323,litature,literature
1324,literture,literature
1325,littel,little
1326,livley,lively
1327,lonelyness,loneliness
1328,lonley,lonely
1329,lonly,lonely
1330,loosing,losing
1331,alot,lot
1332,loev,love
1333,lveo,love
1334,lvoe,love
1335,lieing,lying
1336,maked,made
1337,magolia,magnolia
1338,maintainance,maintenance
1339,maintainence,maintenance
1340,maintance,maintenance
1341,maintenence,maintenance
1342,marjority,majority
1343,amke,make
1344,mkae,make
1345,mkea,make
1346,makse,makes
1347,mkaes,makes
1348,amking,making
1349,mkaing,making
1350,mamal,mammal
1351,mamalian,mammalian
1352,managment,management
1353,manouver,maneuver
1354,manuever,maneuver
1355,manoeuverability,maneuverability
1356,manouverability,maneuverability
1357,manouverable,maneuverable
1358,manouvers,maneuvers
1359,manuevers,maneuvers
1360,manoeuverability,manoeuvrability
1361,manouverability,manoeuvrability
1362,manouverable,manoeuvrable
1363,manouver,manoeuvre
1364,manuever,manoeuvre
1365,manouvers,manoeuvres
1366,manuevers,manoeuvres
1367,manufature,manufacture
1368,manufatured,manufactured
1369,manufaturing,manufacturing
1370,mear,mare
1371,maked,marked
1372,marketting,marketing
1373,marrage,marriage
1374,marraige,marriage
1375,marryied,married
1376,massmedia,mass_media
1377,mathmatician,mathematician
1378,matheticians,mathematicians
1379,mathmaticians,mathematicians
1380,mathamatics,mathematics
1381,medeival,mediaeval
1382,medacine,medicine
1383,medeival,medieval
1384,memeber,member
1385,maintioned,mentioned
1386,mear,mere
1387,messanger,messenger
1388,metalic,metallic
1389,metalurgic,metallurgic
1390,metalurgical,metallurgical
1391,metalurgy,metallurgy
1392,metamorphysis,metamorphosis
1393,midwifes,midwives
1394,mileau,milieu
1395,mileu,milieu
1396,millitary,military
1397,milennium,millennium
1398,millenium,millennium
1399,millepede,millipede
1400,minature,miniature
1401,ministery,ministry
1402,miniscule,minuscule
1403,miscelaneous,miscellaneous
1404,miscellanious,miscellaneous
1405,miscellanous,miscellaneous
1406,mischeivous,mischievous
1407,mischevious,mischievous
1408,mischievious,mischievous
1409,misdameanor,misdemeanor
1410,misdemenor,misdemeanor
1411,misdameanors,misdemeanors
1412,misdemenors,misdemeanors
1413,misdameanor,misdemeanour
1414,misdemenor,misdemeanour
1415,misdameanors,misdemeanours
1416,misdemenors,misdemeanours
1417,mysogynist,misogynist
1418,mysogyny,misogyny
1419,missle,missel
1420,misile,missile
1421,missle,missile
1422,mispelling,misspelling
1423,missen,mizzen
1424,modle,model
1425,moent,moment
1426,monestaries,monasteries
1427,monestary,monastery
1428,monestary,monetary
1429,moeny,money
1430,monolite,monolithic
1431,mroe,more
1432,omre,more
1433,morgage,mortgage
1434,famoust,most_famous
1435,motiviated,motivated
1436,movei,movie
1437,mucuous,mucous
1438,muncipalities,municipalities
1439,muncipality,municipality
1440,muder,murder
1441,mudering,murdering
1442,muscels,muscles
1443,muscels,mussels
1444,myraid,myriad
1445,mysef,myself
1446,misterious,mysterious
1447,misteryous,mysterious
1448,mysterous,mysterious
1449,mistery,mystery
1450,naturual,natural
1451,naturaly,naturally
1452,naturely,naturally
1453,naturually,naturally
1454,neccesarily,necessarily
1455,neccessarily,necessarily
1456,necesarily,necessarily
1457,nessasarily,necessarily
1458,neccesary,necessary
1459,neccessary,necessary
1460,necesary,necessary
1461,ened,need
1462,neglible,negligible
1463,negligable,negligible
1464,negociate,negotiate
1465,negociation,negotiation
1466,negotation,negotiation
1467,neigbour,neighbor
1468,neigbouring,neighboring
1469,neigbours,neighbors
1470,neigbour,neighbour
1471,neigbouring,neighbouring
1472,neigbours,neighbours
1473,enxt,next
1474,neice,nice
1475,nickle,nickel
1476,neice,niece
1477,ninteenth,nineteenth
1478,ninty,ninety
1479,nineth,ninth
1480,noone,no_one
1481,noth,north
1482,northereastern,northeastern
1483,northen,northern
1484,nothern,northern
1485,nto,not
1486,onot,not
1487,noteable,notable
1488,noteably,notably
1489,onot,note
1490,noticable,noticeable
1491,noticible,noticeable
1492,noticeing,noticing
1493,noteriety,notoriety
1494,noveau,nouveau
1495,nucular,nuclear
1496,nuculear,nuclear
1497,nuisanse,nuisance
1498,nusance,nuisance
1499,nutritent,nutrient
1500,nutritents,nutrients
1501,obediance,obedience
1502,obediant,obedient
1503,obstacal,obstacle
1504,ocasion,occasion
1505,ocassion,occasion
1506,occassion,occasion
1507,ocasional,occasional
1508,ocassional,occasional
1509,occassional,occasional
1510,ocasionally,occasionally
1511,ocasionaly,occasionally
1512,ocassionally,occasionally
1513,occassionally,occasionally
1514,occassionaly,occasionally
1515,ocasioned,occasioned
1516,ocassioned,occasioned
1517,occassioned,occasioned
1518,ocasions,occasions
1519,ocassions,occasions
1520,occassions,occasions
1521,occurr,occur
1522,ocurr,occur
1523,occured,occurred
1524,ocurred,occurred
1525,occurance,occurrence
1526,occurence,occurrence
1527,occurrance,occurrence
1528,ocurrance,occurrence
1529,ocurrence,occurrence
1530,occurances,occurrences
1531,occurences,occurrences
1532,occurrances,occurrences
1533,occuring,occurring
1534,octohedral,octahedral
1535,octohedron,octahedron
1536,offical,official
1537,offically,officially
1538,officaly,officially
1539,officialy,officially
1540,oging,ogling
1541,omision,omission
1542,ommision,omission
1543,omited,omitted
1544,ommited,omitted
1545,ommitted,omitted
1546,omiting,omitting
1547,ommiting,omitting
1548,ommitting,omitting
1549,omniverous,omnivorous
1550,omniverously,omnivorously
1551,noone,one
1552,lonly,only
1553,onyl,only
1554,opthalmic,ophthalmic
1555,opthalmologist,ophthalmologist
1556,opthamologist,ophthalmologist
1557,opthalmology,ophthalmology
1558,oppinion,opinion
1559,oponent,opponent
1560,oportunity,opportunity
1561,oposite,opposite
1562,oposition,opposition
1563,opression,oppression
1564,opressive,oppressive
1565,optomism,optimism
1566,erally,orally
1567,orgin,organ
1568,organim,organism
1569,orgin,origin
1570,orginal,original
1571,origional,original
1572,originaly,originally
1573,originnally,originally
1574,orignally,originally
1575,otehr,other
1576,overshaddowed,overshadowed
1577,overwelming,overwhelming
1578,oxigen,oxygen
1579,oximoron,oxymoron
1580,paide,paid
1581,payed,paid
1582,palce,palace
1583,pamplet,pamphlet
1584,pantomine,pantomime
1585,parrakeets,parakeets
1586,paralel,parallel
1587,paralell,parallel
1588,parralel,parallel
1589,parrallel,parallel
1590,parrallell,parallel
1591,paraphenalia,paraphernalia
1592,paranthesis,parenthesis
1593,paliamentarian,parliamentarian
1594,parituclar,particular
1595,particularily,particularly
1596,pased,passed
1597,pasttime,pastime
1598,pastural,pastoral
1599,pattented,patented
1600,peculure,peculiar
1601,perjorative,pejorative
1602,penatly,penalty
1603,penninsula,peninsula
1604,penninsular,peninsula
1605,pennisula,peninsula
1606,penninsular,peninsular
1607,peopel,people
1608,percepted,perceived
1609,percieved,perceived
1610,performence,performance
1611,performes,performed
1612,performes,performs
1613,perhasp,perhaps
1614,perheaps,perhaps
1615,perhpas,perhaps
1616,perphas,perhaps
1617,peripathetic,peripatetic
1618,perjery,perjury
1619,permenant,permanent
1620,permissable,permissible
1621,premission,permission
1622,perpindicular,perpendicular
1623,persistance,persistence
1624,persistant,persistent
1625,personel,personal
1626,personel,personnel
1627,personell,personnel
1628,personnell,personnel
1629,pursuade,persuade
1630,pursuaded,persuaded
1631,pursuades,persuades
1632,pususading,persuading
1633,pertubation,perturbation
1634,pertubations,perturbations
1635,petetion,petition
1636,phenonmena,phenomena
1637,phenomenonal,phenomenal
1638,phenomenonly,phenomenal
1639,phenomenonly,phenomenally
1640,phenomonenon,phenomenon
1641,feromone,pheromone
1642,fiel,phial
1643,fiels,phials
1644,philisopher,philosopher
1645,philisophical,philosophical
1646,philisophy,philosophy
1647,fonetic,phonetic
1648,phongraph,phonograph
1649,peice,piece
1650,pilgrimmage,pilgrimage
1651,pilgrimmages,pilgrimages
1652,pinapple,pineapple
1653,pinnaple,pineapple
1654,pich,pitch
1655,palce,place
1656,plantiff,plaintiff
1657,planed,planned
1658,playwrite,playwright
1659,playwrites,playwrights
1660,plesant,pleasant
1661,peom,poem
1662,peoms,poems
1663,peotry,poetry
1664,progrom,pogrom
1665,progroms,pogroms
1666,poisin,poison
1667,polinator,pollinator
1668,polute,pollute
1669,poluted,polluted
1670,polutes,pollutes
1671,poluting,polluting
1672,polution,pollution
1673,pomegranite,pomegranate
1674,popularaty,popularity
1675,protrayed,portrayed
1676,positon,position
1677,possition,position
1678,postion,position
1679,positon,positron
1680,posess,possess
1681,posessed,possessed
1682,posesses,possesses
1683,posseses,possesses
1684,posessing,possessing
1685,possesing,possessing
1686,posession,possession
1687,possesion,possession
1688,possibilty,possibility
1689,possable,possible
1690,possably,possibly
1691,pwoer,power
1692,powerfull,powerful
1693,practial,practical
1694,practially,practically
1695,practicaly,practically
1696,practicly,practically
1697,practicioner,practitioner
1698,practicioners,practitioners
1699,prairy,prairie
1700,preample,preamble
1701,preceed,precede
1702,preceeded,preceded
1703,preceeds,precedes
1704,preceeding,preceding
1705,precurser,precursor
1706,precedessor,predecessor
1707,prominately,predominately
1708,preferrably,preferably
1709,prefered,preferred
1710,prefering,preferring
1711,pregancies,pregnancies
1712,premeire,premiere
1713,premeired,premiered
1714,prepartion,preparation
1715,prepair,prepare
1716,perogative,prerogative
1717,presense,presence
1718,presidental,presidential
1719,prestigeous,prestigious
1720,prestigous,prestigious
1721,presumibly,presumably
1722,prevelant,prevalent
1723,previvous,previous
1724,primative,primitive
1725,primatively,primitively
1726,primatives,primitives
1727,primordal,primordial
1728,pricipal,principal
1729,priciple,principle
1730,privelege,privilege
1731,privelige,privilege
1732,privilage,privilege
1733,priviledge,privilege
1734,privledge,privilege
1735,priveleged,privileged
1736,priveliged,privileged
1737,priveledges,privileges
1738,priveleges,privileges
1739,priveliges,privileges
1740,priviledges,privileges
1741,protem,pro_tem
1742,probalibity,probability
1743,probablly,probably
1744,probaly,probably
1745,probelm,problem
1746,procedger,procedure
1747,proceedure,procedure
1748,procede,proceed
1749,proceded,proceeded
1750,proceding,proceeding
1751,procedings,proceedings
1752,proccess,process
1753,proccessing,processing
1754,proclamed,proclaimed
1755,proclaming,proclaiming
1756,proclomation,proclamation
1757,profesion,profession
1758,proffesion,profession
1759,profesor,professor
1760,proffesor,professor
1761,profesion,profusion
1762,progrom,program
1763,programable,programmable
1764,progroms,programs
1765,prohabition,prohibition
1766,prologomena,prolegomena
1767,profilic,prolific
1768,prominance,prominence
1769,prominant,prominent
1770,prominantly,prominently
1771,prominately,prominently
1772,promiscous,promiscuous
1773,pronomial,pronominal
1774,pronounciation,pronunciation
1775,propoganda,propaganda
1776,propogate,propagate
1777,propogates,propagates
1778,propellor,propeller
1779,propellors,propellers
1780,propper,proper
1781,prophacy,prophecy
1782,propotions,proportions
1783,propietary,proprietary
1784,proprietory,proprietary
1785,proseletyzing,proselytizing
1786,protaganist,protagonist
1787,protaganists,protagonists
1788,protem,protein
1789,protruberance,protuberance
1790,provded,provided
1791,pseudonyn,pseudonym
1792,pseudononymous,pseudonymous
1793,psyhic,psychic
1794,pyscic,psychic
1795,psycology,psychology
1796,publically,publicly
1797,pumkin,pumpkin
1798,perphas,purpose
1799,purposedly,purposely
1800,persue,pursue
1801,persuing,pursuing
1802,persuit,pursuit
1803,puting,putting
1804,quantaty,quantity
1805,quantitiy,quantity
1806,quarantaine,quarantine
1807,quicklyu,quickly
1808,qtuie,quiet
1809,qutie,quiet
1810,qtuie,quite
1811,qutie,quite
1812,quizes,quizzes
1813,rabinnical,rabbinical
1814,rarified,rarefied
1815,radify,ratify
1816,rela,real
1817,relized,realised
1818,relized,realized
1819,erally,really
1820,raelly,really
1821,realy,really
1822,realyl,really
1823,relaly,really
1824,reacll,recall
1825,receeded,receded
1826,receeding,receding
1827,reciept,receipt
1828,recieve,receive
1829,recieved,received
1830,reciever,receiver
1831,recievers,receivers
1832,recieves,receives
1833,recieving,receiving
1834,recepient,recipient
1835,recipiant,recipient
1836,recepients,recipients
1837,recipiants,recipients
1838,recogize,recognize
1839,reccomend,recommend
1840,reccommend,recommend
1841,recomend,recommend
1842,reccomended,recommended
1843,reccommended,recommended
1844,recomended,recommended
1845,reccomending,recommending
1846,reccommending,recommending
1847,recomending,recommending
1848,recomends,recommends
1849,reconcilation,reconciliation
1850,reconaissance,reconnaissance
1851,reconnaissence,reconnaissance
1852,recrod,record
1853,recrational,recreational
1854,reccuring,recurring
1855,revaluated,reevaluated
1856,referrence,reference
1857,refference,reference
1858,referal,referral
1859,refered,referred
1860,reffered,referred
1861,refering,referring
1862,referrs,refers
1863,refridgerator,refrigerator
1864,refusla,refusal
1865,irregardless,regardless
1866,regluar,regular
1867,reguarly,regularly
1868,regularily,regularly
1869,rehersal,rehearsal
1870,relatiopnship,relationship
1871,relativly,relatively
1872,relevence,relevance
1873,relevent,relevant
1874,releive,relieve
1875,releived,relieved
1876,religeous,religious
1877,religous,religious
1878,remeber,remember
1879,rememberance,remembrance
1880,remembrence,remembrance
1881,reminescent,reminiscent
1882,reminent,remnant
1883,reknown,renown
1884,reknowned,renowned
1885,repatition,repartition
1886,repentence,repentance
1887,repentent,repentant
1888,repatition,repetition
1889,repetion,repetition
1890,representive,representative
1891,representives,representatives
1892,recquired,required
1893,resemblence,resemblance
1894,ressemblance,resemblance
1895,ressemblence,resemblance
1896,ressemble,resemble
1897,ressembled,resembled
1898,ressembling,resembling
1899,recide,reside
1900,recided,resided
1901,recident,resident
1902,recidents,residents
1903,reciding,residing
1904,resistence,resistance
1905,resistent,resistant
1906,resistable,resistible
1907,reponse,response
1908,responce,response
1909,responnsibilty,responsibility
1910,reponsible,responsible
1911,restaraunt,restaurant
1912,resteraunt,restaurant
1913,restraunt,restaurant
1914,restaraunts,restaurants
1915,resteraunts,restaurants
1916,restauration,restoration
1917,restraunt,restraint
1918,resurecting,resurrecting
1919,ressurection,resurrection
1920,retalitated,retaliated
1921,retalitation,retaliation
1922,reversable,reversible
1923,revolutionar,revolutionary
1924,rewriet,rewrite
1925,rhymme,rhyme
1926,rhythem,rhythm
1927,rhythim,rhythm
1928,rythem,rhythm
1929,rythim,rhythm
1930,rythm,rhythm
1931,rediculous,ridiculous
1932,rigeur,rigor
1933,rigourous,rigorous
1934,rigeur,rigour
1935,rininging,ringing
1936,rococco,rococo
1937,roomate,room-mate
1938,roomate,roommate
1939,rougly,roughly
1940,rulle,rule
1941,sacrafice,sacrifice
1942,saftey,safety
1943,salery,salary
1944,smae,same
1945,sandwhich,sandwich
1946,sasy,sassy
1947,satelite,satellite
1948,sattelite,satellite
1949,satelites,satellites
1950,sattelites,satellites
1951,sotyr,satyr
1952,sasy,says
1953,syas,says
1954,scaleable,scalable
1955,schedual,schedule
1956,scholarstic,scholarly
1957,scholarstic,scholastic
1958,clera,sclera
1959,scirpt,script
1960,scripot,script
1961,scoll,scroll
1962,seceed,secede
1963,secceeded,seceded
1964,seceeded,seceded
1965,secratary,secretary
1966,secretery,secretary
1967,sieze,seize
1968,siezed,seized
1969,siezing,seizing
1970,siezure,seizure
1971,siezures,seizures
1972,sence,sense
1973,seperate,separate
1974,seperated,separated
1975,seperately,separately
1976,seperates,separates
1977,seperating,separating
1978,seperation,separation
1979,sepulchure,sepulcher
1980,sepulcre,sepulcher
1981,sepulchure,sepulchre
1982,sepulcre,sepulchre
1983,sargant,sergeant
1984,cervial,serval
1985,cervial,servile
1986,severeal,several
1987,severley,severely
1988,shaddow,shadow
1989,sheat,sheath
1990,sheat,sheet
1991,sherif,sheriff
1992,shineing,shining
1993,shoudl,should
1994,shoudln,should
1995,sould,should
1996,shoudln,shouldn't
1997,shouldnt,shouldn't
1998,sohw,show
1999,sedereal,sidereal
2000,sideral,sidereal
2001,seige,siege
2002,signitories,signatories
2003,signitory,signatory
2004,signifantly,significantly
2005,significently,significantly
2006,similiar,similar
2007,simmilar,similar
2008,similiarity,similarity
2009,similarily,similarly
2010,simplier,simpler
2011,simpley,simply
2012,simultanous,simultaneous
2013,sicne,since
2014,sinse,since
2015,sincerley,sincerely
2016,sinse,sines
2017,singsog,singsong
2018,sieze,size
2019,siezed,sized
2020,siezing,sizing
2021,snese,sneeze
2022,sould,sold
2023,soliders,soldiers
2024,soliliquy,soliloquy
2025,solatary,solitary
2026,smoe,some
2027,soem,some
2028,sophicated,sophisticated
2029,suphisticated,sophisticated
2030,sophmore,sophomore
2031,soudn,sound
2032,soudns,sounds
2033,suop,soup
2034,sourth,south
2035,sourthern,southern
2036,souvenier,souvenir
2037,souveniers,souvenirs
2038,soverign,sovereign
2039,sovereignity,sovereignty
2040,soverignity,sovereignty
2041,speciallized,specialised
2042,speciallized,specialized
2043,specif,specific
2044,specif,specify
2045,speciman,specimen
2046,spectauclar,spectacular
2047,speach,speech
2048,spermatozoan,spermatozoa
2049,spermatozoan,spermatozoon
2050,sponser,sponsor
2051,sponzored,sponsored
2052,spontanous,spontaneous
2053,spreaded,spread
2054,strat,start
2055,statment,statement
2056,stpo,stop
2057,storeis,stories
2058,storise,stories
2059,sotry,story
2060,sotyr,story
2061,stopry,story
2062,stoyr,story
2063,stroy,story
2064,strnad,strand
2065,stange,strange
2066,strat,strata
2067,startegic,strategic
2068,startegies,strategies
2069,stradegies,strategies
2070,startegy,strategy
2071,stradegy,strategy
2072,strenght,strength
2073,strenghen,strengthen
2074,strenghten,strengthen
2075,strenghened,strengthened
2076,strenghtened,strengthened
2077,strenghening,strengthening
2078,strenghtening,strengthening
2079,strenous,strenuous
2080,strictist,strictest
2081,stingent,stringent
2082,strived,striven
2083,stornegst,strongest
2084,strived,strove
2085,stucture,structure
2086,stuctured,structured
2087,stubborness,stubbornness
2088,studdy,study
2089,stilus,stylus
2090,sepina,subpoena
2091,subsidary,subsidiary
2092,subsiduary,subsidiary
2093,substace,substance
2094,substatial,substantial
2095,subterranian,subterranean
2096,substract,subtract
2097,substracted,subtracted
2098,substracting,subtracting
2099,substraction,subtraction
2100,substracts,subtracts
2101,seceed,succeed
2102,suceed,succeed
2103,secceeded,succeeded
2104,seceeded,succeeded
2105,suceeded,succeeded
2106,suceeding,succeeding
2107,suceeds,succeeds
2108,sucess,success
2109,sucesses,successes
2110,succesful,successful
2111,successfull,successful
2112,sucesful,successful
2113,sucessfull,successful
2114,succesfully,successfully
2115,succesfuly,successfully
2116,sucesfully,successfully
2117,sucesfuly,successfully
2118,sucessfully,successfully
2119,sucessfuly,successfully
2120,succesion,succession
2121,sucesion,succession
2122,sucession,succession
2123,succesive,successive
2124,sucessive,successive
2125,sufficent,sufficient
2126,sufficently,sufficiently
2127,sufferage,suffrage
2128,sumary,summary
2129,superintendant,superintendent
2130,supercede,supersede
2131,superceded,superseded
2132,surplanted,supplanted
2133,wupport,support
2134,supose,suppose
2135,suposed,supposed
2136,suposedly,supposedly
2137,suposes,supposes
2138,suposing,supposing
2139,supress,suppress
2140,supressed,suppressed
2141,surpressed,suppressed
2142,supresses,suppresses
2143,supressing,suppressing
2144,surley,surely
2145,surley,surly
2146,suprise,surprise
2147,suprize,surprise
2148,surprize,surprise
2149,suprised,surprised
2150,suprized,surprised
2151,surprized,surprised
2152,suprising,surprising
2153,suprizing,surprising
2154,surprizing,surprising
2155,suprisingly,surprisingly
2156,suprizingly,surprisingly
2157,surprizingly,surprisingly
2158,surrended,surrendered
2159,surrepetitious,surreptitious
2160,surreptious,surreptitious
2161,surrepetitiously,surreptitiously
2162,surreptiously,surreptitiously
2163,suround,surround
2164,surounded,surrounded
2165,surrended,surrounded
2166,surounding,surrounding
2167,suroundings,surroundings
2168,surounds,surrounds
2169,surveyer,surveyor
2170,survivers,survivors
2171,suseptible,susceptible
2172,swaer,swear
2173,swaers,swears
2174,swiming,swimming
2175,symmetral,symmetric
2176,symetrical,symmetrical
2177,symetrically,symmetrically
2178,symmetricaly,symmetrically
2179,symetry,symmetry
2180,synonomous,synonymous
2181,syphyllis,syphilis
2182,syrap,syrup
2183,tkae,take
2184,tkaes,takes
2185,tkaing,taking
2186,talekd,talked
2187,tlaking,talking
2188,targetted,targeted
2189,targetting,targeting
2190,tast,taste
2191,tattooes,tattoos
2192,teached,taught
2193,taxanomic,taxonomic
2194,taxanomy,taxonomy
2195,techician,technician
2196,techicians,technicians
2197,temperment,temperament
2198,temparate,temperate
2199,temperture,temperature
2200,tendancies,tendencies
2201,tendancy,tendency
2202,tennisplayer,tennis_player
2203,tenacle,tentacle
2204,tenacles,tentacles
2205,terrestial,terrestrial
2206,terriories,territories
2207,terriory,territory
2208,territorist,terrorist
2209,tahn,than
2210,thna,than
2211,taht,that
2212,tath,that
2213,thgat,that
2214,thta,that
2215,tyhat,that
2216,tghe,the
2217,ther,the
2218,thge,the
2219,tje,the
2220,tjhe,the
2221,theather,theater
2222,theather,theatre
2223,ther,their
2224,theri,their
2225,thier,their
2226,themselfs,themselves
2227,thne,then
2228,theologist,theologian
2229,ther,there
2230,theese,these
2231,tehy,they
2232,tyhe,they
2233,thikning,thickening
2234,theif,thief
2235,theives,thieves
2236,thign,thing
2237,thnig,thing
2238,thigns,things
2239,thigsn,things
2240,thnigs,things
2241,thikn,think
2242,thiunk,think
2243,tihkn,think
2244,thikning,thinking
2245,thikns,thinks
2246,thrid,third
2247,thsi,this
2248,tihs,this
2249,throughly,thoroughly
2250,ethose,those
2251,thsoe,those
2252,threee,three
2253,threshhold,threshold
2254,throught,through
2255,thru,through
2256,throught,throughout
2257,tiem,time
2258,timne,time
2259,tiome,time
2260,tobbaco,tobacco
2261,todya,today
2262,todays,today's
2263,tolerence,tolerance
2264,tomatos,tomatoes
2265,tiome,tome
2266,tommorow,tomorrow
2267,tommorrow,tomorrow
2268,tongiht,tonight
2269,tourch,torch
2270,tornados,tornadoes
2271,toriodal,toroidal
2272,tourch,touch
2273,towrad,toward
2274,twon,town
2275,traditionaly,traditionally
2276,trafic,traffic
2277,trafficed,trafficked
2278,transcendance,transcendence
2279,trancendent,transcendent
2280,transcendant,transcendent
2281,transcendentational,transcendental
2282,trancending,transcending
2283,transending,transcending
2284,transcripting,transcribing
2285,transcripting,transcription
2286,transfered,transferred
2287,transfering,transferring
2288,translater,translator
2289,translaters,translators
2290,transmissable,transmissible
2291,tremelo,tremolo
2292,triology,trilogy
2293,troups,troops
2294,troups,troupes
2295,truely,truly
2296,turnk,trunk
2297,turnk,turnkey
2298,tyrany,tyranny
2299,tyrrany,tyranny
2300,ubiquitious,ubiquitous
2301,uncertainity,uncertainty
2302,unconcious,unconscious
2303,unconciousness,unconsciousness
2304,unconvential,unconventional
2305,undecideable,undecidable
2306,unforetunately,unfortunately
2307,unfortunatly,unfortunately
2308,unilatreal,unilateral
2309,unilatreally,unilaterally
2310,univeristies,universities
2311,univesities,universities
2312,univeristy,university
2313,univesity,university
2314,unneccesarily,unnecessarily
2315,unneccessarily,unnecessarily
2316,unnecesarily,unnecessarily
2317,unecessary,unnecessary
2318,unneccessary,unnecessary
2319,unnecesary,unnecessary
2320,unplesant,unpleasant
2321,unrepentent,unrepentant
2322,unsed,unsaid
2323,unsubstanciated,unsubstantiated
2324,unsuccessfull,unsuccessful
2325,unsucesful,unsuccessful
2326,unsucessfull,unsuccessful
2327,unsucesfuly,unsuccessfully
2328,unsucessfully,unsuccessfully
2329,unsuprised,unsurprised
2330,unsuprized,unsurprised
2331,unsurprized,unsurprised
2332,unsuprising,unsurprising
2333,unsuprizing,unsurprising
2334,unsurprizing,unsurprising
2335,untill,until
2336,unuseable,unusable
2337,unsed,unused
2338,unweildly,unwieldy
2339,unwieldly,unwieldy
2340,apon,upon
2341,useable,usable
2342,useage,usage
2343,uise,use
2344,useage,use
2345,unsed,used
2346,usefull,useful
2347,usefuly,usefully
2348,useing,using
2349,usally,usually
2350,usualy,usually
2351,vaccum,vacuum
2352,vaccume,vacuum
2353,agina,vagina
2354,valuble,valuable
2355,valueable,valuable
2356,varities,varieties
2357,varity,variety
2358,vegitable,vegetable
2359,vegitables,vegetables
2360,vengance,vengeance
2361,venemous,venomous
2362,meranda,veranda
2363,verfication,verification
2364,veyr,very
2365,vrey,very
2366,vyer,very
2367,vyre,very
2368,vacinity,vicinity
2369,vigeur,vigor
2370,vigourous,vigorous
2371,vigeur,vigour
2372,villify,vilify
2373,villian,villain
2374,villin,villain
2375,villin,villein
2376,villin,villi
2377,visable,visible
2378,visably,visibly
2379,visting,visiting
2380,volcanoe,volcano
2381,volcanos,volcanoes
2382,volontary,voluntary
2383,volonteer,volunteer
2384,volounteer,volunteer
2385,volonteered,volunteered
2386,volounteered,volunteered
2387,volonteering,volunteering
2388,volounteering,volunteering
2389,volonteers,volunteers
2390,volounteers,volunteers
2391,watn,want
2392,wnat,want
2393,wanna,want_to
2394,wnated,wanted
2395,wnats,wants
2396,warrent,warrant
2397,wass,was
2398,ws,was
2399,wasnt,wasn't
2400,weaponary,weaponry
2401,mear,wear
2402,wether,weather
2403,wierd,weird
2404,waht,what
2405,whta,what
2406,wehn,when
2407,whereever,wherever
2408,wether,whether
2409,hwihc,which
2410,whcih,which
2411,whic,which
2412,whihc,which
2413,wich,which
2414,hwile,while
2415,hwole,whole
2416,wohle,whole
2417,wholy,wholly
2418,weild,wield
2419,weilded,wielded
2420,wief,wife
2421,weild,wild
2422,iwll,will
2423,wiull,will
2424,wintery,wintry
2425,wich,witch
2426,iwth,with
2427,wiht,with
2428,witht,with
2429,wtih,with
2430,withdrawl,withdraw
2431,withdrawl,withdrawal
2432,withing,within
2433,womens,women's
2434,wont,won't
2435,wont,wont
2436,owrk,work
2437,wokr,work
2438,wrok,work
2439,wokring,working
2440,wroking,working
2441,worstened,worsened
2442,owudl,would
2443,woudl,would
2444,rwite,write
2445,wriet,write
2446,wirting,writing
2447,writen,written
2448,wroet,wrote
2449,eyar,year
2450,yera,year
2451,eyars,years
2452,eyasr,years
2453,yeasr,years
2454,yeras,years
2455,yersa,years
